Frame,X,Y
1,556.5236,976.54095
2,550.83215,977.0547
3,571.42456,981.66907
4,571.79456,985.15063
5,571.0717,989.85205
6,570.63513,995.1757
7,570.6561,997.3347
